N_raw,N_w,efficiency,efficiency_w
171278,1.7433018156182243,0.8243436409577668,0.8246413944670213
170479,1.7347259125677965,0.8204981350018048,0.8205846989556874
150864,1.5346190147498646,0.726093129587294,0.7259272909379428
36318,0.36561749091777074,0.17479485019853205,0.1729495804173429
