N_raw,N_w,efficiency,efficiency_w
58653,3.9309689600893307,0.7874894268336892,0.7924154477191164
58440,3.9201206369427837,0.7846296370886535,0.7902286131420819
51667,3.4752356181338655,0.6936936936936937,0.7005474772841724
24112,1.6567127321300745,0.323733569635209,0.3339646725022678
