N_raw,N_w,efficiency,efficiency_w
42548,1.1748337427725346,0.823679727427598,0.8220358649587112
42356,1.1699744917436874,0.8199628310360849,0.8186358275941703
37572,1.0392201570389261,0.7273501626142171,0.7271464970507081
8960,0.24860230301101183,0.17345516493727736,0.17394802493849706
