N_raw,N_w,efficiency,efficiency_w
152284,8.700177340668688,0.8207300576134349,0.8237880581488704
152006,8.682523832259449,0.819231784938587,0.8221165118294658
134310,7.664956370538221,0.7238597228734499,0.7257667604964225
47036,2.586872652020702,0.25349911343217624,0.2449415357000945
