N_raw,N_w,efficiency,efficiency_w
262246,2.8399488911381923,1.0,1.0
183943,1.9919797399488743,0.7014139395834446,0.7014139395834446
175239,1.8977212378231343,0.6682237288652639,0.6682237288652639
138857,1.503728496056283,0.5294913935770231,0.5294913935770231
138114,1.4956823026877828,0.5266581759111674,0.5266581759111674
122067,1.3219040187250357,0.4654675381130694,0.4654675381130694
43556,0.4716823665658012,0.16608832927861625,0.16608832927861625
