N_raw,N_w,efficiency,efficiency_w
300596,3.2266724242363125,1.0,1.0
217742,2.3372969267657027,0.7243675897217527,0.7243675897217527
207775,2.230308663274627,0.6912101292099695,0.6912101292099695
171278,1.8385407639434561,0.5697946745798347,0.5697946745798347
170479,1.8299640986952,0.5671366219111366,0.5671366219111366
150864,1.6194117972627282,0.5018829259205047,0.5018829259205047
36318,0.38984646869357675,0.12081997099096461,0.12081997099096461
