N_raw,N_w,efficiency,efficiency_w
138857,1.4775023635574769,0.7923863980050103,0.7916893203750033
138114,1.470072738778697,0.7881464742437471,0.7877083084072178
122067,1.2995832142534027,0.6965743926865595,0.6963549954571795
43556,0.46910067657870513,0.24855197758489833,0.25135797071339305
