N_raw,N_w,efficiency,efficiency_w
122749,1.5177267147173552,1.0,1.0
85279,1.0544299057783064,0.694742930695973,0.694742930695973
81266,1.0048112750264409,0.6620502000016294,0.6620502000016294
64525,0.7978176300184714,0.5256661968732943,0.5256661968732943
64134,0.7929831210167322,0.5224808348744185,0.5224808348744185
56615,0.7000146474001667,0.4612257533666262,0.4612257533666262
20325,0.25130791677838715,0.1655817970003829,0.1655817970003829
