N_raw,N_w,efficiency,efficiency_w
118684,7.3599621627283796,0.7874625954603661,0.791724093438293
118342,7.343898257559431,0.7851934420138406,0.7899960708648386
104663,6.494701626128062,0.6944339391044142,0.698646493474944
49156,3.0917149065845706,0.3261476807526689,0.3325812181455452
