N_raw,N_w,efficiency,efficiency_w
276311,16.270868214520306,1.0,1.0
195274,11.498917957382218,0.7067181545432502,0.7067181545432502
185547,10.926133178192686,0.6715150681659434,0.6715150681659434
152284,8.967405912830145,0.5511326005841244,0.5511326005841244
152006,8.95103558604751,0.5501264879067428,0.5501264879067428
134310,7.908987734444963,0.4860827111479456,0.4860827111479456
47036,2.7697650739137316,0.17022847443641403,0.17022847443641403
