N_raw,N_w,efficiency,efficiency_w
64525,0.7846336247370367,0.7939974897251003,0.7931140573706659
64134,0.7802540036257106,0.7891861295006521,0.7886871006868835
56615,0.6885955565027508,0.696662811015677,0.6960379959351612
20325,0.24926048907551746,0.250104594787488,0.25195453215395275
