N_raw,N_w,efficiency,efficiency_w
116449,7.660944379451394,1.0,1.0
78645,5.173895617153903,0.6753600288538331,0.6753600288538331
74481,4.899954472137324,0.639601885804086,0.639601885804086
58653,3.858662338774593,0.5036797224536063,0.5036797224536063
58440,3.844649499224033,0.5018505955396784,0.5018505955396784
51667,3.3990675167078734,0.4436877946568884,0.4436877946568884
24112,1.586279752315022,0.20706060163676804,0.20706060163676804
