N_raw,N_w,efficiency,efficiency_w
38349,5.896484376829903,0.8209843505812335,0.8240950819919516
38275,5.8869073876539915,0.8194001412943418,0.8227565980452847
33739,5.19028474667175,0.7222923936545995,0.7253963311897399
11625,1.7943783875634836,0.24887071567724947,0.2507830615534881
