N_raw,N_w,efficiency,efficiency_w
233519,14.31816068131593,1.0,1.0
158918,9.744018513069022,0.6805356309336713,0.6805356309336713
150717,9.241176192968851,0.6454164329240876,0.6454164329240876
118684,7.2770805900217965,0.5082412994231733,0.5082412994231733
118342,7.256110943213571,0.5067767504999593,0.5067767504999593
104663,6.417386385641294,0.4481990758781941,0.4481990758781941
49156,3.013988182763569,0.21050107271785165,0.21050107271785165
