N_raw,N_w,efficiency,efficiency_w
74571,2.112796883484407,1.0,1.0
54048,1.5313251258339733,0.7247857746308887,0.7247857746308887
51656,1.4635533359250985,0.6927089619289,0.6927089619289
42548,1.2054992128105368,0.5705703289482507,0.5705703289482507
42356,1.20005933669745,0.5679956015072883,0.5679956015072883
37572,1.0645157568797003,0.5038419761033109,0.5038419761033109
8960,0.2538608852773905,0.12015394724490754,0.12015394724490754
