N_raw,N_w,efficiency,efficiency_w
69530,10.738953846739605,1.0,1.0
49149,7.59109510446433,0.7068747303322307,0.7068747303322307
46711,7.2145444144262,0.6718107291816482,0.6718107291816482
38349,5.92302806081716,0.5515460952107004,0.5515460952107004
38275,5.911598712555133,0.5504818064144973,0.5504818064144973
33739,5.211010554223321,0.4852437796634546,0.4852437796634546
11625,1.7954888317035511,0.16719401697109162,0.16719401697109162
