{
    "fold0": {
        "tau_relIso": [
            0.09819221708369408,
            0.0005073772092781839
        ],
        "tau_cosAlpha_BS": [
            0.0521344596919656,
            0.00034729383168999843
        ],
        "tau_fit_mt": [
            0.023070625560122647,
            0.0002908942945813104
        ],
        "tau_fit_vprob": [
            0.016878098400081653,
            0.0002505584546677794
        ],
        "tau_fit_pt": [
            0.016516556942495944,
            0.0002610643932125437
        ],
        "tau_Lxy_sign_BS": [
            0.014287145822855627,
            0.00023594258378007644
        ],
        "tau_mu12_dZ": [
            0.004668312844345427,
            0.00015608826806954353
        ],
        "tau_mu3_TightID_PV": [
            0.0027881157567942383,
            0.00015000644130825537
        ],
        "tau_mu13_dZ": [
            0.0023818022998589317,
            0.00014689501141536434
        ],
        "tauEta": [
            0.002292333929537014,
            0.00013597058405828214
        ],
        "tau_mu2_TightID_PV": [
            0.0019619891775791887,
            0.00010476287714753192
        ],
        "tau_mu23_dZ": [
            0.0018974025433823095,
            0.0001429014699166308
        ],
        "tau_mu1_TightID_PV": [
            0.0014888202351286007,
            7.704093190138274e-05
        ],
        "tau_met_Dphi": [
            0.0004803914524807773,
            0.00010836905213681916
        ],
        "tau_met_ratio_pt": [
            0.0002654556042518086,
            7.387425418224965e-05
        ],
        "tau_met_pt": [
            0.0002621279556514944,
            8.544647890914094e-05
        ],
        "W_pt": [
            0.00022775485817786212,
            6.421480549980815e-05
        ],
        "miss_pz_max": [
            0.00017243270019774438,
            5.85936923468773e-05
        ],
        "miss_pz_min": [
            0.00015855489296691448,
            5.6815123174586725e-05
        ]
    },
    "fold1": {
        "tau_relIso": [
            0.09822678359118824,
            0.0005568840516985036
        ],
        "tau_cosAlpha_BS": [
            0.052445721728726004,
            0.0003431069370953882
        ],
        "tau_fit_mt": [
            0.02454581941825505,
            0.00032661079731369577
        ],
        "tau_fit_vprob": [
            0.01752629665810934,
            0.00025348455260727754
        ],
        "tau_fit_pt": [
            0.016910625440170825,
            0.0002792361192208094
        ],
        "tau_Lxy_sign_BS": [
            0.015574588605917388,
            0.0002698639330404331
        ],
        "tau_mu12_dZ": [
            0.004960242633527932,
            0.0001792494984317554
        ],
        "tau_mu13_dZ": [
            0.002834662365298234,
            0.00015606145530400184
        ],
        "tau_mu3_TightID_PV": [
            0.0028210691323806492,
            0.0001303862346896062
        ],
        "tauEta": [
            0.002400890565008953,
            0.00014462788214344134
        ],
        "tau_mu2_TightID_PV": [
            0.0022127056970412807,
            0.000121232473943174
        ],
        "tau_mu23_dZ": [
            0.0018234621472006819,
            0.00012978205332399946
        ],
        "tau_mu1_TightID_PV": [
            0.0014962400890564775,
            8.025186699614874e-05
        ],
        "tau_met_pt": [
            0.000512604978379546,
            8.983750190608185e-05
        ],
        "tau_met_Dphi": [
            0.00045031843757334047,
            9.666602508974288e-05
        ],
        "tau_met_ratio_pt": [
            0.000408289221588608,
            7.297093361198697e-05
        ],
        "W_pt": [
            0.00029162974911206563,
            8.01665344221558e-05
        ],
        "miss_pz_max": [
            0.00026682872526521793,
            6.476532329994241e-05
        ],
        "miss_pz_min": [
            0.00023108495959892395,
            5.22976681965728e-05
        ]
    },
    "fold2": {
        "tau_relIso": [
            0.09758894715153624,
            0.0004976086998961465
        ],
        "tau_cosAlpha_BS": [
            0.0510543228826022,
            0.00035744130896140063
        ],
        "tau_fit_mt": [
            0.02274839231638756,
            0.0003013318283259697
        ],
        "tau_fit_pt": [
            0.016541882946266847,
            0.00029290224816743267
        ],
        "tau_fit_vprob": [
            0.01587737371980746,
            0.0002601859063036748
        ],
        "tau_Lxy_sign_BS": [
            0.014215552472297912,
            0.00024604805754231256
        ],
        "tau_mu12_dZ": [
            0.004857642971369775,
            0.00017532716447273762
        ],
        "tau_mu3_TightID_PV": [
            0.0030585117443130607,
            0.00013669381348809792
        ],
        "tauEta": [
            0.002672516454892202,
            0.00012527879980281633
        ],
        "tau_mu13_dZ": [
            0.002636941374838819,
            0.0001609680169168638
        ],
        "tau_mu2_TightID_PV": [
            0.0021343913863695386,
            0.00011986257525016898
        ],
        "tau_mu23_dZ": [
            0.0018859329101624978,
            0.00012581304663558868
        ],
        "tau_mu1_TightID_PV": [
            0.00156099368268235,
            0.00010069430660834107
        ],
        "tau_met_pt": [
            0.0005000548181360786,
            7.649235557540558e-05
        ],
        "tau_met_Dphi": [
            0.0004645553493049093,
            8.659924630433793e-05
        ],
        "tau_met_ratio_pt": [
            0.0004554441970276879,
            7.382160066120858e-05
        ],
        "W_pt": [
            0.0003054693377590789,
            6.506959627070162e-05
        ],
        "miss_pz_min": [
            0.00015137366687961062,
            5.232744543846617e-05
        ],
        "miss_pz_max": [
            0.00012744271504773862,
            5.846878239741319e-05
        ]
    },
    "fold3": {
        "tau_relIso": [
            0.09856482917785929,
            0.0005020587095662562
        ],
        "tau_cosAlpha_BS": [
            0.050610533086148816,
            0.0003615756301658059
        ],
        "tau_fit_mt": [
            0.022040558435170797,
            0.0002857130215464636
        ],
        "tau_fit_pt": [
            0.0175457984941924,
            0.00023313854775065012
        ],
        "tau_fit_vprob": [
            0.016770610268245598,
            0.0002837468727831525
        ],
        "tau_Lxy_sign_BS": [
            0.013637017138965576,
            0.0002639287721028199
        ],
        "tau_mu12_dZ": [
            0.0040789603117551134,
            0.00018011452457768093
        ],
        "tau_mu3_TightID_PV": [
            0.003086829858877809,
            0.0001376362683428831
        ],
        "tau_mu13_dZ": [
            0.002731981385494281,
            0.0001418118414628584
        ],
        "tauEta": [
            0.0024374030494494848,
            0.00012760319668417096
        ],
        "tau_mu2_TightID_PV": [
            0.0021763081230373182,
            0.0001122253889804855
        ],
        "tau_mu23_dZ": [
            0.001975445499602717,
            0.00013636508899526195
        ],
        "tau_mu1_TightID_PV": [
            0.0016960387423858036,
            8.159790274418406e-05
        ],
        "tau_met_Dphi": [
            0.0004925277136695306,
            8.94770723292003e-05
        ],
        "tau_met_pt": [
            0.00041716166622524195,
            7.680956788481612e-05
        ],
        "tau_met_ratio_pt": [
            0.0003627936892285322,
            7.571202083062275e-05
        ],
        "W_pt": [
            0.00013957095834434162,
            6.58380829842385e-05
        ],