{"A": {"total": 1.039215567650327, "sys": 0.007646848604090348, "corregree": "A23"}, "B": {"total": 1.005251691473828, "sys": 0.008780721390415311, "corregree": "B23"}, "C": {"total": 1.0023123126481852, "sys": 0.013234201505584613, "corregree": "C23"}}