{"A": {"total": 1.0433465126689017, "sys": 0.0071458835591714995, "corregree": "A23"}, "B": {"total": 1.0428606209523001, "sys": 0.008165287401286268, "corregree": "B23"}, "C": {"total": 1.044692037906503, "sys": 0.011592638691986236, "corregree": "C23"}}