{"A": {"total": 1.022711296580736, "sys": 0.006520876733530991}, "B": {"total": 1.006543931065591, "sys": 0.007090236067233484}, "C": {"total": 0.9571544543847056, "sys": 0.011634194809370965}}