{"A": {"total": 1.0350064497267364, "sys": 0.006061432625902928, "corregree": "A22"}, "B": {"total": 1.037261621838211, "sys": 0.006620932251760697, "corregree": "B22"}, "C": {"total": 1.0273769913672355, "sys": 0.01009355307669835, "corregree": "C22"}}