{"A": {"total": 1.022711296580736, "sys": 0.006520876733530991, "corregree": "A22"}, "B": {"total": 1.006543931065591, "sys": 0.007090236067233484, "corregree": "B22"}, "C": {"total": 1.0428455456152945, "sys": 0.011634194809370965, "corregree": "C22"}}