{"A23": {"mean": 0.998852187521702, "width": 1.0146902216425402}, "B23": {"mean": 0.9989543609796363, "width": 1.0423731826947917}, "C23": {"mean": 0.9995333941438355, "width": 1.0216043045561412}}