{
    "A22": {
        "mean": 0.0009065246353860967,
        "width": 0.03183905426639888
    },
    "B22": {
        "mean": 0.0016435872128688356,
        "width": 0.02771791816848146
    },
    "C22": {
        "mean": 0.0008206151585593568,
        "width": 0.1295334182587402
    }
}