{
    "A23": {
        "mean": 0.0013490699392981753,
        "width": 0.045844063820145164
    },
    "B23": {
        "mean": 0.0012508409539089271,
        "width": 0.04344372878129521
    },
    "C23": {
        "mean": 0.00021915122001869847,
        "width": 0.08640548250992963
    }
}