{"A22": {"mean": 0.0005459305318028518, "width": 0.0015563705147194629}, "B22": {"mean": 0.0012474991421974613, "width": 0.0198624157824151}, "C22": {"mean": 0.0004161990380759928, "width": 0.0540307568742302}}