{"A22": {"mean": 0.0007663769836545598, "width": 0.03347054551726569}, "B22": {"mean": 0.001437283089816832, "width": 0.0012157071193832358}, "C22": {"mean": 0.0005720155902616542, "width": 0.06676792121512976}}