{"A23": {"mean": 0.0012766177701658554, "width": 0.004138582962596393}, "B23": {"mean": 0.0010070602307674648, "width": 0.02626991180919691}, "C23": {"mean": 0.0002692319311836666, "width": 0.07033892708482625}}