{"A22": {"mean": 0.9994104957041922, "width": 1.033143781498916}, "B22": {"mean": 0.9988184997301195, "width": 0.989531372614851}, "C22": {"mean": 0.9994349637543528, "width": 0.9928920967027804}}