{"A24": {"mean": 0.001276381983998487, "width": 0.004128220786471015}, "B24": {"mean": 0.0011310392033239136, "width": 0.038248761071781656}, "C24": {"mean": 0.0008805746530072822, "width": 0.09287179279338287}}