{
    "ABC": {
        "tau_mu1_IDrecoSF": {
            "up": 1.0021698767670615,
            "down": 0.9978301248254169
        },
        "tau_mu2_IDrecoSF": {
            "up": 1.0036808651463713,
            "down": 0.9963191405340401
        },
        "tau_mu3_IDrecoSF": {
            "up": 1.005715058224064,
            "down": 0.9942849454556623
        },
        "NLO_weight": {
            "up": 1.007637932958512,
            "down": 0.9709179352541124
        },
        "PU_weight": {
            "up": 0.9959386241910164,
            "down": 1.0042468890650107
        }
    },
    "A": {
        "tau_mu1_IDrecoSF": {
            "up": 1.002208956142842,
            "down": 0.9977910446803095
        },
        "tau_mu2_IDrecoSF": {
            "up": 1.0023468154072188,
            "down": 0.9976531875422203
        },
        "tau_mu3_IDrecoSF": {
            "up": 1.002644248429793,
            "down": 0.9973557274087874
        },
        "NLO_weight": {
            "up": 1.005767488090758,
            "down": 0.9649102113657817
        },
        "PU_weight": {
            "up": 0.9975509355556735,
            "down": 1.002674924475911
        }
    },
    "B": {
        "tau_mu1_IDrecoSF": {
            "up": 1.0017470181305144,
            "down": 0.9982529785555965
        },
        "tau_mu2_IDrecoSF": {
            "up": 1.0036259228819508,
            "down": 0.9963740821838348
        },
        "tau_mu3_IDrecoSF": {
            "up": 1.0058445331142303,
            "down": 0.9941554875393015
        },
        "NLO_weight": {
            "up": 1.0079985137022887,
            "down": 0.97270629134512
        },
        "PU_weight": {
            "up": 0.9954458612871206,
            "down": 1.004807304292122
        }
    },
    "C": {
        "tau_mu1_IDrecoSF": {
            "up": 1.0028766519273489,
            "down": 0.9971233597968433
        },
        "tau_mu2_IDrecoSF": {
            "up": 1.005880141248366,
            "down": 0.9941198698465213
        },
        "tau_mu3_IDrecoSF": {
            "up": 1.0103106931833536,
            "down": 0.9896893234405785
        },
        "NLO_weight": {
            "up": 1.0098372304955172,
            "down": 0.976854951761619
        },
        "PU_weight": {
            "up": 0.9943347320833169,
            "down": 1.0056668770184964
        }
    }
}