{
    "ABC": {
        "tau_mu1_IDrecoSF": {
            "up": 1.0011275102820385,
            "down": 0.9988725096851141
        },
        "tau_mu2_IDrecoSF": {
            "up": 1.0025145034591743,
            "down": 0.9974855130799317
        },
        "tau_mu3_IDrecoSF": {
            "up": 1.0059731598017272,
            "down": 0.9940268640172086
        },
        "NLO_weight": {
            "up": 1.0057697763634075,
            "down": 0.9720029473992504
        },
        "PU_weight": {
            "up": 0.9952553241662146,
            "down": 1.0047112480971119
        }
    },
    "A": {
        "tau_mu1_IDrecoSF": {
            "up": 1.0005924866174336,
            "down": 0.9994075108323971
        },
        "tau_mu2_IDrecoSF": {
            "up": 1.0016592491328984,
            "down": 0.9983407436309802
        },
        "tau_mu3_IDrecoSF": {
            "up": 1.0025429634073992,
            "down": 0.9974570528634709
        },
        "NLO_weight": {
            "up": 1.004031043064638,
            "down": 0.9663816862612241
        },
        "PU_weight": {
            "up": 0.996925653211556,
            "down": 1.0028756550686617
        }
    },
    "B": {
        "tau_mu1_IDrecoSF": {
            "up": 1.0009262863243247,
            "down": 0.9990737566519657
        },
        "tau_mu2_IDrecoSF": {
            "up": 1.0020471787890082,
            "down": 0.9979528562080318
        },
        "tau_mu3_IDrecoSF": {
            "up": 1.0063696646765867,
            "down": 0.9936303603598613
        },
        "NLO_weight": {
            "up": 1.0058702653553508,
            "down": 0.9734914307438192
        },
        "PU_weight": {
            "up": 0.9941590123316624,
            "down": 1.0058102040945092
        }
    },
    "C": {
        "tau_mu1_IDrecoSF": {
            "up": 1.0023817059479359,
            "down": 0.9976183084766015
        },
        "tau_mu2_IDrecoSF": {
            "up": 1.0047876346277589,
            "down": 0.9952123867591322
        },
        "tau_mu3_IDrecoSF": {
            "up": 1.0108881683576305,
            "down": 0.9891118656341296
        },
        "NLO_weight": {
            "up": 1.0083926133754386,
            "down": 0.9783415234943285
        },
        "PU_weight": {
            "up": 0.9945894833655469,
            "down": 1.00563836901799
        }
    }
}