{"n_estimators": 15000, "max_depth": 5, "eta": 0.004767703866208782, "subsample": 0.6, "colsample_bytree": 0.7, "min_child_weight": 70, "gamma": 7.753783120752682e-06, "reg_alpha": 6.588017061954243e-05, "reg_lambda": 0.03670621586481467}